{"CurrentConfigName":"Rs2Config","Cameras":[{"Active":true,"Paused":false,"Brightness":1.0,"Saturation":5.736388206481934,"Exposure":0.5,"Gain":1.0,"Contrast":1.0,"CalibrationRotation":{"x":0.29205527901649477,"y":0.6039620637893677,"z":-0.3163183033466339,"w":0.6707281470298767},"Rotation":{"x":-180.0,"y":-179.6834259033203,"z":-180.0},"CalibrationTranslation":{"x":-1.0150773525238038,"y":0.29393190145492556,"z":-1.7901573181152344},"PreTranslation":{"x":0.0,"y":0.0,"z":0.0},"PostTranslation":{"x":-3.482318878173828,"y":0.8864115476608276,"z":1.1080056428909302},"PointThresholdMin":{"x":-10.0,"y":-10.0,"z":-10.0},"PointThresholdMax":{"x":10.0,"y":10.0,"z":10.0}},{"Active":true,"Paused":false,"Brightness":1.0,"Saturation":5.736386775970459,"Exposure":0.5,"Gain":1.0,"Contrast":1.0,"CalibrationRotation":{"x":-0.6142328977584839,"y":-0.25520020723342898,"z":0.7004913091659546,"w":-0.25865548849105837},"Rotation":{"x":-82.78425598144531,"y":-3.0074615478515627,"z":-0.6983315944671631},"CalibrationTranslation":{"x":-1.0448145866394044,"y":-0.35858094692230227,"z":-1.95115065574646},"PreTranslation":{"x":0.0,"y":0.0,"z":0.0},"PostTranslation":{"x":0.06331479549407959,"y":0.6964669227600098,"z":-0.04748612642288208},"PointThresholdMin":{"x":-10.0,"y":-10.0,"z":-10.0},"PointThresholdMax":{"x":10.0,"y":10.0,"z":10.0}},{"Active":true,"Paused":false,"Brightness":1.0,"Saturation":5.335366249084473,"Exposure":0.5,"Gain":1.0,"Contrast":1.0,"CalibrationRotation":{"x":-0.6695480942726135,"y":0.004534262232482433,"z":0.7427321672439575,"w":0.0058223488740623},"Rotation":{"x":175.0,"y":-64.98260498046875,"z":107.0226058959961},"CalibrationTranslation":{"x":-1.0770841836929322,"y":-0.3761800229549408,"z":-1.8975976705551148},"PreTranslation":{"x":0.0,"y":0.0,"z":0.0},"PostTranslation":{"x":-2.999124526977539,"y":1.1663305759429932,"z":0.5},"PointThresholdMin":{"x":-10.0,"y":-10.0,"z":-7.0008697509765629},"PointThresholdMax":{"x":10.0,"y":10.0,"z":10.0}},{"Active":true,"Paused":false,"Brightness":1.0,"Saturation":5.677633762359619,"Exposure":0.5,"Gain":1.0,"Contrast":1.0,"CalibrationRotation":{"x":0.002899566665291786,"y":-0.6753020286560059,"z":-0.015685010701417924,"w":-0.7373687028884888},"Rotation":{"x":-50.51163864135742,"y":6.314048767089844,"z":-180.0},"CalibrationTranslation":{"x":-1.0480371713638306,"y":0.3821065425872803,"z":-1.7715604305267335},"PreTranslation":{"x":0.0,"y":0.0,"z":0.0},"PostTranslation":{"x":0.43701571226119997,"y":0.7015514373779297,"z":-0.08769118785858154},"PointThresholdMin":{"x":-10.0,"y":-10.0,"z":-10.0},"PointThresholdMax":{"x":10.0,"y":10.0,"z":10.0}}],"ABBoxMin":{"x":-10.0,"y":-10.0,"z":-10.0},"ABBoxMax":{"x":10.0,"y":10.0,"z":10.0},"Hostname":"127.0.0.1","SendOverNetwork":true,"SendOverSpout":false,"RunCustomHooks":true,"ArucoSize":0}
